create table grupos(id_grupo INTEGER not null primary key,display_name TEXT,short_name TEXT);
INSERT INTO grupos(id_grupo,display_name,short_name) values (1,'Grupo A','A');
INSERT INTO grupos(id_grupo,display_name,short_name) values	(2,'Grupo B','B');
INSERT INTO grupos(id_grupo,display_name,short_name) values	(3,'Grupo C','C');
INSERT INTO grupos(id_grupo,display_name,short_name) values	(4,'Grupo D','D');
INSERT INTO grupos(id_grupo,display_name,short_name) values	(5,'Grupo E','E');
INSERT INTO grupos(id_grupo,display_name,short_name) values	(6,'Grupo F','F');
INSERT INTO grupos(id_grupo,display_name,short_name) values	(7,'Grupo G','G');
INSERT INTO grupos(id_grupo,display_name,short_name) values	(8,'Grupo H','H');
INSERT INTO grupos(id_grupo,display_name,short_name) values	(9,'Grupo X','X');
CREATE TABLE equipos(id_equipo INTEGER not null primary key,id_grupo INTEGER not null,display_name TEXT,short_name TEXT,pathFlag TEXT,foreign key (id_grupo) references grupos(id_grupo));
INSERT INTO equipos(id_equipo,id_grupo,display_name,short_name,pathFlag) values(1,1,'Brasil','BRA','bra');
INSERT INTO equipos(id_equipo,id_grupo,display_name,short_name,pathFlag) values(2,1,'Croacia','CRO','cro');
INSERT INTO equipos(id_equipo,id_grupo,display_name,short_name,pathFlag) values(3,1,'México','MEX','mex');
INSERT INTO equipos(id_equipo,id_grupo,display_name,short_name,pathFlag) values(4,1,'Camerún','CMR','cmr');
INSERT INTO equipos(id_equipo,id_grupo,display_name,short_name,pathFlag) values(5,2,'España','ESP','esp');
INSERT INTO equipos(id_equipo,id_grupo,display_name,short_name,pathFlag) values(6,2,'Holanda','NED','ned');
INSERT INTO equipos(id_equipo,id_grupo,display_name,short_name,pathFlag) values(7,2,'Chile','CHI','chi');
INSERT INTO equipos(id_equipo,id_grupo,display_name,short_name,pathFlag) values(8,2,'Australia','AUS','aus');
INSERT INTO equipos(id_equipo,id_grupo,display_name,short_name,pathFlag) values(9,3,'Colombia','COL','col');
INSERT INTO equipos(id_equipo,id_grupo,display_name,short_name,pathFlag) values(10,3,'Grecia','GRE','gre');
INSERT INTO equipos(id_equipo,id_grupo,display_name,short_name,pathFlag) values(11,3,'C.Marfil','CIV','civ');
INSERT INTO equipos(id_equipo,id_grupo,display_name,short_name,pathFlag) values(12,3,'Japón','JPN','jpn');
INSERT INTO equipos(id_equipo,id_grupo,display_name,short_name,pathFlag) values(13,4,'Uruguay','URU','uru');
INSERT INTO equipos(id_equipo,id_grupo,display_name,short_name,pathFlag) values(14,4,'Costa Rica','CRC','crc');
INSERT INTO equipos(id_equipo,id_grupo,display_name,short_name,pathFlag) values(15,4,'Inglaterra','ENG','eng');
INSERT INTO equipos(id_equipo,id_grupo,display_name,short_name,pathFlag) values(16,4,'Italia','ITA','ita');
INSERT INTO equipos(id_equipo,id_grupo,display_name,short_name,pathFlag) values(17,5,'Suiza','SUI','sui');
INSERT INTO equipos(id_equipo,id_grupo,display_name,short_name,pathFlag) values(18,5,'Ecuador','ECU','ecu');
INSERT INTO equipos(id_equipo,id_grupo,display_name,short_name,pathFlag) values(19,5,'Francia','FRA','fra');
INSERT INTO equipos(id_equipo,id_grupo,display_name,short_name,pathFlag) values(20,5,'Honduras','HON','hon');
INSERT INTO equipos(id_equipo,id_grupo,display_name,short_name,pathFlag) values(21,6,'Argentina','ARG','arg');
INSERT INTO equipos(id_equipo,id_grupo,display_name,short_name,pathFlag) values(22,6,'Bosnia','BIH','bih');
INSERT INTO equipos(id_equipo,id_grupo,display_name,short_name,pathFlag) values(23,6,'Irán','IRN','irn');
INSERT INTO equipos(id_equipo,id_grupo,display_name,short_name,pathFlag) values(24,6,'Nigeria','NGA','nga');
INSERT INTO equipos(id_equipo,id_grupo,display_name,short_name,pathFlag) values(25,7,'Alemania','GER','ger');
INSERT INTO equipos(id_equipo,id_grupo,display_name,short_name,pathFlag) values(26,7,'Portugal','POR','por');
INSERT INTO equipos(id_equipo,id_grupo,display_name,short_name,pathFlag) values(27,7,'Ghana','GHA','gha');
INSERT INTO equipos(id_equipo,id_grupo,display_name,short_name,pathFlag) values(28,7,'U.S.A','USA','usa');
INSERT INTO equipos(id_equipo,id_grupo,display_name,short_name,pathFlag) values(29,8,'Bélgica','BEL','bel');
INSERT INTO equipos(id_equipo,id_grupo,display_name,short_name,pathFlag) values(30,8,'Argelia','ALG','alg');
INSERT INTO equipos(id_equipo,id_grupo,display_name,short_name,pathFlag) values(31,8,'Rusia','RUS','rus');
INSERT INTO equipos(id_equipo,id_grupo,display_name,short_name,pathFlag) values(32,8,'Korea','KOR','kor');
INSERT INTO equipos(id_equipo,id_grupo,display_name,short_name,pathFlag) values(33,9,'1A','1A','');
INSERT INTO equipos(id_equipo,id_grupo,display_name,short_name,pathFlag) values(34,9,'1B','1B','');
INSERT INTO equipos(id_equipo,id_grupo,display_name,short_name,pathFlag) values(35,9,'1C','1C','');
INSERT INTO equipos(id_equipo,id_grupo,display_name,short_name,pathFlag) values(36,9,'1D','1D','');
INSERT INTO equipos(id_equipo,id_grupo,display_name,short_name,pathFlag) values(37,9,'1E','1E','');
INSERT INTO equipos(id_equipo,id_grupo,display_name,short_name,pathFlag) values(38,9,'1F','1F','');
INSERT INTO equipos(id_equipo,id_grupo,display_name,short_name,pathFlag) values(39,9,'1G','1G','');
INSERT INTO equipos(id_equipo,id_grupo,display_name,short_name,pathFlag) values(40,9,'1H','1H','');
INSERT INTO equipos(id_equipo,id_grupo,display_name,short_name,pathFlag) values(41,9,'2A','2A','');
INSERT INTO equipos(id_equipo,id_grupo,display_name,short_name,pathFlag) values(42,9,'2B','2B','');
INSERT INTO equipos(id_equipo,id_grupo,display_name,short_name,pathFlag) values(43,9,'2C','2C','');
INSERT INTO equipos(id_equipo,id_grupo,display_name,short_name,pathFlag) values(44,9,'2D','2D','');
INSERT INTO equipos(id_equipo,id_grupo,display_name,short_name,pathFlag) values(45,9,'2E','2E','');
INSERT INTO equipos(id_equipo,id_grupo,display_name,short_name,pathFlag) values(46,9,'2F','2F','');
INSERT INTO equipos(id_equipo,id_grupo,display_name,short_name,pathFlag) values(47,9,'2G','2G','');
INSERT INTO equipos(id_equipo,id_grupo,display_name,short_name,pathFlag) values(48,9,'2H','2H','');
INSERT INTO equipos(id_equipo,id_grupo,display_name,short_name,pathFlag) values(49,9,'W49','W49','');
INSERT INTO equipos(id_equipo,id_grupo,display_name,short_name,pathFlag) values(50,9,'W50','W50','');
INSERT INTO equipos(id_equipo,id_grupo,display_name,short_name,pathFlag) values(51,9,'W51','W51','');
INSERT INTO equipos(id_equipo,id_grupo,display_name,short_name,pathFlag) values(52,9,'W52','W52','');
INSERT INTO equipos(id_equipo,id_grupo,display_name,short_name,pathFlag) values(53,9,'W53','W53','');
INSERT INTO equipos(id_equipo,id_grupo,display_name,short_name,pathFlag) values(54,9,'W54','W54','');
INSERT INTO equipos(id_equipo,id_grupo,display_name,short_name,pathFlag) values(55,9,'W55','W55','');
INSERT INTO equipos(id_equipo,id_grupo,display_name,short_name,pathFlag) values(56,9,'W56','W56','');
INSERT INTO equipos(id_equipo,id_grupo,display_name,short_name,pathFlag) values(57,9,'W57','W57','');
INSERT INTO equipos(id_equipo,id_grupo,display_name,short_name,pathFlag) values(58,9,'W58','W58','');
INSERT INTO equipos(id_equipo,id_grupo,display_name,short_name,pathFlag) values(59,9,'W59','W59','');
INSERT INTO equipos(id_equipo,id_grupo,display_name,short_name,pathFlag) values(60,9,'W60','W60','');
INSERT INTO equipos(id_equipo,id_grupo,display_name,short_name,pathFlag) values(61,9,'W61','W61','');
INSERT INTO equipos(id_equipo,id_grupo,display_name,short_name,pathFlag) values(62,9,'W62','W62','');
INSERT INTO equipos(id_equipo,id_grupo,display_name,short_name,pathFlag) values(63,9,'L61','L61','');
INSERT INTO equipos(id_equipo,id_grupo,display_name,short_name,pathFlag) values(64,9,'L62','L62','');
create table partidos(id_partido INTEGER not null primary key,orden INTEGER,date_time TEXT,place TEXT,idlocalteam INTEGER,idvisitteam INTEGER,ronda INTEGER,foreign key (idlocalteam) references equipos(id_equipo),foreign key (idvisitteam) references equipos(id_equipo));
INSERT INTO partidos(id_partido,orden,date_time,place,idlocalteam,idvisitteam,ronda) values(1,1,'12/06/2014 17:00','Sao Paulo',1,2,1);
INSERT INTO partidos(id_partido,orden,date_time,place,idlocalteam,idvisitteam,ronda) values(2,2,'13/06/2014 13:00','Natal',3,4,1);
INSERT INTO partidos(id_partido,orden,date_time,place,idlocalteam,idvisitteam,ronda) values(3,3,'13/06/2014 16:00','Salvador',5,6,1);
INSERT INTO partidos(id_partido,orden,date_time,place,idlocalteam,idvisitteam,ronda) values(4,4,'13/06/2014 18:00','Cuiabá',7,8,1);
INSERT INTO partidos(id_partido,orden,date_time,place,idlocalteam,idvisitteam,ronda) values(5,5,'14/06/2014 13:00','Belo Horizonte',9,10,1);
INSERT INTO partidos(id_partido,orden,date_time,place,idlocalteam,idvisitteam,ronda) values(6,8,'14/06/2014 22:00','Receife',11,12,1);
INSERT INTO partidos(id_partido,orden,date_time,place,idlocalteam,idvisitteam,ronda) values(7,6,'14/06/2014 16:00','Fortaleza',13,14,1);
INSERT INTO partidos(id_partido,orden,date_time,place,idlocalteam,idvisitteam,ronda) values(8,7,'14/06/2014 18:00','Manaos',15,16,1);
INSERT INTO partidos(id_partido,orden,date_time,place,idlocalteam,idvisitteam,ronda) values(9,9,'15/06/2014 13:00','Brasilia',17,18,1);
INSERT INTO partidos(id_partido,orden,date_time,place,idlocalteam,idvisitteam,ronda) values(10,10,'15/06/2014 16:00','Porto Alegre',19,20,1);
INSERT INTO partidos(id_partido,orden,date_time,place,idlocalteam,idvisitteam,ronda) values(11,11,'15/06/2014 19:00','Río de Janeiro',21,22,1);
INSERT INTO partidos(id_partido,orden,date_time,place,idlocalteam,idvisitteam,ronda) values(12,13,'16/06/2014 16:00','Curitiba',23,24,1);
INSERT INTO partidos(id_partido,orden,date_time,place,idlocalteam,idvisitteam,ronda) values(13,12,'16/06/2014 13:00','Salvador',25,26,1);
INSERT INTO partidos(id_partido,orden,date_time,place,idlocalteam,idvisitteam,ronda) values(14,14,'16/06/2014 19:00','Natal',27,28,1);
INSERT INTO partidos(id_partido,orden,date_time,place,idlocalteam,idvisitteam,ronda) values(15,15,'17/06/2014 13:00','Belo Horizonte',30,31,1);
INSERT INTO partidos(id_partido,orden,date_time,place,idlocalteam,idvisitteam,ronda) values(16,17,'17/06/2014 18:00','Cuiabá',31,32,1);
INSERT INTO partidos(id_partido,orden,date_time,place,idlocalteam,idvisitteam,ronda) values(17,16,'17/06/2014 16:00','Fortaleza',1,3,1);
INSERT INTO partidos(id_partido,orden,date_time,place,idlocalteam,idvisitteam,ronda) values(18,20,'18/06/2014 18:00','Manaos',4,2,1);
INSERT INTO partidos(id_partido,orden,date_time,place,idlocalteam,idvisitteam,ronda) values(19,19,'18/06/2014 16:00','Río de Janeiro',5,7,1);
INSERT INTO partidos(id_partido,orden,date_time,place,idlocalteam,idvisitteam,ronda) values(20,18,'18/06/2014 13:00','Porto Alegre',8,6,1);
INSERT INTO partidos(id_partido,orden,date_time,place,idlocalteam,idvisitteam,ronda) values(21,21,'19/06/2014 13:00','Brasilia',9,11,1);
INSERT INTO partidos(id_partido,orden,date_time,place,idlocalteam,idvisitteam,ronda) values(22,23,'19/06/2014 19:00','Natal',12,10,1);
INSERT INTO partidos(id_partido,orden,date_time,place,idlocalteam,idvisitteam,ronda) values(23,22,'19/06/2014 16:00','Sao Paulo',13,15,1);
INSERT INTO partidos(id_partido,orden,date_time,place,idlocalteam,idvisitteam,ronda) values(24,24,'20/06/2014 13:00','Recife',16,14,1);
INSERT INTO partidos(id_partido,orden,date_time,place,idlocalteam,idvisitteam,ronda) values(25,25,'20/06/2014 16:00','Salvador',17,19,1);
INSERT INTO partidos(id_partido,orden,date_time,place,idlocalteam,idvisitteam,ronda) values(26,26,'20/06/2014 19:00','Curitiba',20,18,1);
INSERT INTO partidos(id_partido,orden,date_time,place,idlocalteam,idvisitteam,ronda) values(27,27,'21/06/2014 13:00','Belo Horizonte',21,23,1);
INSERT INTO partidos(id_partido,orden,date_time,place,idlocalteam,idvisitteam,ronda) values(28,29,'21/06/2014 18:00','Cuiabá',24,22,1);
INSERT INTO partidos(id_partido,orden,date_time,place,idlocalteam,idvisitteam,ronda) values(29,28,'21/06/2014 16:00','Fortaleza',25,27,1);
INSERT INTO partidos(id_partido,orden,date_time,place,idlocalteam,idvisitteam,ronda) values(30,32,'22/06/2014 18:00','Manaos',28,26,1);
INSERT INTO partidos(id_partido,orden,date_time,place,idlocalteam,idvisitteam,ronda) values(31,30,'22/06/2014 13:00','Río de Janeiro',29,31,1);
INSERT INTO partidos(id_partido,orden,date_time,place,idlocalteam,idvisitteam,ronda) values(32,31,'22/06/2014 16:00','Porto Alegre',32,30,1);
INSERT INTO partidos(id_partido,orden,date_time,place,idlocalteam,idvisitteam,ronda) values(33,35,'23/06/2014 17:00','Brasilia',4,1,1);
INSERT INTO partidos(id_partido,orden,date_time,place,idlocalteam,idvisitteam,ronda) values(34,36,'23/06/2014 17:00','Recife',2,3,1);
INSERT INTO partidos(id_partido,orden,date_time,place,idlocalteam,idvisitteam,ronda) values(35,33,'23/06/2014 13:00','Curitiba',8,5,1);
INSERT INTO partidos(id_partido,orden,date_time,place,idlocalteam,idvisitteam,ronda) values(36,34,'23/06/2014 13:00','Sao Paulo',6,7,1);
INSERT INTO partidos(id_partido,orden,date_time,place,idlocalteam,idvisitteam,ronda) values(37,39,'24/06/2014 16:00','Cuiabá',12,9,1);
INSERT INTO partidos(id_partido,orden,date_time,place,idlocalteam,idvisitteam,ronda) values(38,40,'24/06/2014 17:00','Fortaleza',10,11,1);
INSERT INTO partidos(id_partido,orden,date_time,place,idlocalteam,idvisitteam,ronda) values(39,37,'24/06/2014 13:00','Natal',16,13,1);
INSERT INTO partidos(id_partido,orden,date_time,place,idlocalteam,idvisitteam,ronda) values(40,38,'24/06/2014 13:00','Belo Horizonte',14,15,1);
INSERT INTO partidos(id_partido,orden,date_time,place,idlocalteam,idvisitteam,ronda) values(41,43,'25/06/2014 16:00','Manaos',20,17,1);
INSERT INTO partidos(id_partido,orden,date_time,place,idlocalteam,idvisitteam,ronda) values(42,44,'25/06/2014 17:00','Río de Janeiro',18,19,1);
INSERT INTO partidos(id_partido,orden,date_time,place,idlocalteam,idvisitteam,ronda) values(43,41,'25/06/2014 13:00','Porto Alegre',24,21,1);
INSERT INTO partidos(id_partido,orden,date_time,place,idlocalteam,idvisitteam,ronda) values(44,42,'25/06/2014 13:00','Salvador',22,23,1);
INSERT INTO partidos(id_partido,orden,date_time,place,idlocalteam,idvisitteam,ronda) values(45,45,'26/06/2014 13:00','Recife',28,25,1);
INSERT INTO partidos(id_partido,orden,date_time,place,idlocalteam,idvisitteam,ronda) values(46,46,'26/06/2014 13:00','Brasilia',26,27,1);
INSERT INTO partidos(id_partido,orden,date_time,place,idlocalteam,idvisitteam,ronda) values(47,47,'26/06/2014 17:00','Sao Paulo',32,29,1);
INSERT INTO partidos(id_partido,orden,date_time,place,idlocalteam,idvisitteam,ronda) values(48,48,'26/06/2014 17:00','Curitiba',30,31,1);
INSERT INTO partidos(id_partido,orden,date_time,place,idlocalteam,idvisitteam,ronda) values(49,49,'28/06/2014 13:00','Belo Horizonte',33,42,2);
INSERT INTO partidos(id_partido,orden,date_time,place,idlocalteam,idvisitteam,ronda) values(50,50,'28/06/2014 17:00','Río de Janeiro',35,44,2);
INSERT INTO partidos(id_partido,orden,date_time,place,idlocalteam,idvisitteam,ronda) values(51,51,'29/06/2014 13:00','Fortaleza',34,41,2);
INSERT INTO partidos(id_partido,orden,date_time,place,idlocalteam,idvisitteam,ronda) values(52,52,'29/06/2014 17:00','Recife',36,43,2);
INSERT INTO partidos(id_partido,orden,date_time,place,idlocalteam,idvisitteam,ronda) values(53,53,'30/06/2014 13:00','Brasilia',37,46,2);
INSERT INTO partidos(id_partido,orden,date_time,place,idlocalteam,idvisitteam,ronda) values(54,54,'30/06/2014 17:00','Porto Alegre',39,48,2);
INSERT INTO partidos(id_partido,orden,date_time,place,idlocalteam,idvisitteam,ronda) values(55,55,'01/07/2014 13:00','Sao Paulo',38,45,2);
INSERT INTO partidos(id_partido,orden,date_time,place,idlocalteam,idvisitteam,ronda) values(56,56,'01/07/2014 17:00','Salvador',40,47,2);
INSERT INTO partidos(id_partido,orden,date_time,place,idlocalteam,idvisitteam,ronda) values(57,57,'04/07/2014 13:00','Río de Janeiro',53,54,3);
INSERT INTO partidos(id_partido,orden,date_time,place,idlocalteam,idvisitteam,ronda) values(58,58,'04/07/2014 17:00','Fortaleza',49,50,3);
INSERT INTO partidos(id_partido,orden,date_time,place,idlocalteam,idvisitteam,ronda) values(59,59,'05/07/2014 13:00','Brasilia',55,56,3);
INSERT INTO partidos(id_partido,orden,date_time,place,idlocalteam,idvisitteam,ronda) values(60,60,'05/07/2014 17:00','Salvador',51,52,3);
INSERT INTO partidos(id_partido,orden,date_time,place,idlocalteam,idvisitteam,ronda) values(61,61,'08/07/2014 17:00','Belo Horizonte',57,58,4);
INSERT INTO partidos(id_partido,orden,date_time,place,idlocalteam,idvisitteam,ronda) values(62,62,'09/07/2014 17:00','Sao Paulo',59,60,4);
INSERT INTO partidos(id_partido,orden,date_time,place,idlocalteam,idvisitteam,ronda) values(63,63,'12/07/2014 17:00','Brasilia',63,64,6);
INSERT INTO partidos(id_partido,orden,date_time,place,idlocalteam,idvisitteam,ronda) values(64,64,'13/07/2014 17:00','Río de Janeiro',61,62,5);
create table details_partidos(id_partido INTEGER not null primary key,goleslocalteam INTEGER,golesvisitteam INTEGER,status INTEGER,notificacion INTEGER);	
INSERT INTO details_partidos(id_partido,goleslocalteam,golesvisitteam,status,notificacion) VALUES(1,0,0,1,0);
INSERT INTO details_partidos(id_partido,goleslocalteam,golesvisitteam,status,notificacion) VALUES(2,0,0,1,0);
INSERT INTO details_partidos(id_partido,goleslocalteam,golesvisitteam,status,notificacion) VALUES(3,0,0,1,0);
INSERT INTO details_partidos(id_partido,goleslocalteam,golesvisitteam,status,notificacion) VALUES(4,0,0,1,0);
INSERT INTO details_partidos(id_partido,goleslocalteam,golesvisitteam,status,notificacion) VALUES(5,0,0,1,0);
INSERT INTO details_partidos(id_partido,goleslocalteam,golesvisitteam,status,notificacion) VALUES(6,0,0,1,0);
INSERT INTO details_partidos(id_partido,goleslocalteam,golesvisitteam,status,notificacion) VALUES(7,0,0,1,0);
INSERT INTO details_partidos(id_partido,goleslocalteam,golesvisitteam,status,notificacion) VALUES(8,0,0,1,0);
INSERT INTO details_partidos(id_partido,goleslocalteam,golesvisitteam,status,notificacion) VALUES(9,0,0,1,0);
INSERT INTO details_partidos(id_partido,goleslocalteam,golesvisitteam,status,notificacion) VALUES(10,0,0,1,0);
INSERT INTO details_partidos(id_partido,goleslocalteam,golesvisitteam,status,notificacion) VALUES(11,0,0,1,0);
INSERT INTO details_partidos(id_partido,goleslocalteam,golesvisitteam,status,notificacion) VALUES(12,0,0,1,0);
INSERT INTO details_partidos(id_partido,goleslocalteam,golesvisitteam,status,notificacion) VALUES(13,0,0,1,0);
INSERT INTO details_partidos(id_partido,goleslocalteam,golesvisitteam,status,notificacion) VALUES(14,0,0,1,0);
INSERT INTO details_partidos(id_partido,goleslocalteam,golesvisitteam,status,notificacion) VALUES(15,0,0,1,0);
INSERT INTO details_partidos(id_partido,goleslocalteam,golesvisitteam,status,notificacion) VALUES(16,0,0,1,0);
INSERT INTO details_partidos(id_partido,goleslocalteam,golesvisitteam,status,notificacion) VALUES(17,0,0,1,0);
INSERT INTO details_partidos(id_partido,goleslocalteam,golesvisitteam,status,notificacion) VALUES(18,0,0,1,0);
INSERT INTO details_partidos(id_partido,goleslocalteam,golesvisitteam,status,notificacion) VALUES(19,0,0,1,0);
INSERT INTO details_partidos(id_partido,goleslocalteam,golesvisitteam,status,notificacion) VALUES(20,0,0,1,0);
INSERT INTO details_partidos(id_partido,goleslocalteam,golesvisitteam,status,notificacion) VALUES(21,0,0,1,0);
INSERT INTO details_partidos(id_partido,goleslocalteam,golesvisitteam,status,notificacion) VALUES(22,0,0,1,0);
INSERT INTO details_partidos(id_partido,goleslocalteam,golesvisitteam,status,notificacion) VALUES(23,0,0,1,0);
INSERT INTO details_partidos(id_partido,goleslocalteam,golesvisitteam,status,notificacion) VALUES(24,0,0,1,0);
INSERT INTO details_partidos(id_partido,goleslocalteam,golesvisitteam,status,notificacion) VALUES(25,0,0,1,0);
INSERT INTO details_partidos(id_partido,goleslocalteam,golesvisitteam,status,notificacion) VALUES(26,0,0,1,0);
INSERT INTO details_partidos(id_partido,goleslocalteam,golesvisitteam,status,notificacion) VALUES(27,0,0,1,0);
INSERT INTO details_partidos(id_partido,goleslocalteam,golesvisitteam,status,notificacion) VALUES(28,0,0,1,0);
INSERT INTO details_partidos(id_partido,goleslocalteam,golesvisitteam,status,notificacion) VALUES(29,0,0,1,0);
INSERT INTO details_partidos(id_partido,goleslocalteam,golesvisitteam,status,notificacion) VALUES(30,0,0,1,0);
INSERT INTO details_partidos(id_partido,goleslocalteam,golesvisitteam,status,notificacion) VALUES(31,0,0,1,0);
INSERT INTO details_partidos(id_partido,goleslocalteam,golesvisitteam,status,notificacion) VALUES(32,0,0,1,0);
INSERT INTO details_partidos(id_partido,goleslocalteam,golesvisitteam,status,notificacion) VALUES(33,0,0,1,0);
INSERT INTO details_partidos(id_partido,goleslocalteam,golesvisitteam,status,notificacion) VALUES(34,0,0,1,0);
INSERT INTO details_partidos(id_partido,goleslocalteam,golesvisitteam,status,notificacion) VALUES(35,0,0,1,0);
INSERT INTO details_partidos(id_partido,goleslocalteam,golesvisitteam,status,notificacion) VALUES(36,0,0,1,0);
INSERT INTO details_partidos(id_partido,goleslocalteam,golesvisitteam,status,notificacion) VALUES(37,0,0,1,0);
INSERT INTO details_partidos(id_partido,goleslocalteam,golesvisitteam,status,notificacion) VALUES(38,0,0,1,0);
INSERT INTO details_partidos(id_partido,goleslocalteam,golesvisitteam,status,notificacion) VALUES(39,0,0,1,0);
INSERT INTO details_partidos(id_partido,goleslocalteam,golesvisitteam,status,notificacion) VALUES(40,0,0,1,0);
INSERT INTO details_partidos(id_partido,goleslocalteam,golesvisitteam,status,notificacion) VALUES(41,0,0,1,0);
INSERT INTO details_partidos(id_partido,goleslocalteam,golesvisitteam,status,notificacion) VALUES(42,0,0,1,0);
INSERT INTO details_partidos(id_partido,goleslocalteam,golesvisitteam,status,notificacion) VALUES(43,0,0,1,0);
INSERT INTO details_partidos(id_partido,goleslocalteam,golesvisitteam,status,notificacion) VALUES(44,0,0,1,0);
INSERT INTO details_partidos(id_partido,goleslocalteam,golesvisitteam,status,notificacion) VALUES(45,0,0,1,0);
INSERT INTO details_partidos(id_partido,goleslocalteam,golesvisitteam,status,notificacion) VALUES(46,0,0,1,0);
INSERT INTO details_partidos(id_partido,goleslocalteam,golesvisitteam,status,notificacion) VALUES(47,0,0,1,0);
INSERT INTO details_partidos(id_partido,goleslocalteam,golesvisitteam,status,notificacion) VALUES(48,0,0,1,0);
INSERT INTO details_partidos(id_partido,goleslocalteam,golesvisitteam,status,notificacion) VALUES(49,0,0,1,0);
INSERT INTO details_partidos(id_partido,goleslocalteam,golesvisitteam,status,notificacion) VALUES(50,0,0,1,0);
INSERT INTO details_partidos(id_partido,goleslocalteam,golesvisitteam,status,notificacion) VALUES(51,0,0,1,0);
INSERT INTO details_partidos(id_partido,goleslocalteam,golesvisitteam,status,notificacion) VALUES(52,0,0,1,0);
INSERT INTO details_partidos(id_partido,goleslocalteam,golesvisitteam,status,notificacion) VALUES(53,0,0,1,0);
INSERT INTO details_partidos(id_partido,goleslocalteam,golesvisitteam,status,notificacion) VALUES(54,0,0,1,0);
INSERT INTO details_partidos(id_partido,goleslocalteam,golesvisitteam,status,notificacion) VALUES(55,0,0,1,0);
INSERT INTO details_partidos(id_partido,goleslocalteam,golesvisitteam,status,notificacion) VALUES(56,0,0,1,0);
INSERT INTO details_partidos(id_partido,goleslocalteam,golesvisitteam,status,notificacion) VALUES(57,0,0,1,0);
INSERT INTO details_partidos(id_partido,goleslocalteam,golesvisitteam,status,notificacion) VALUES(58,0,0,1,0);
INSERT INTO details_partidos(id_partido,goleslocalteam,golesvisitteam,status,notificacion) VALUES(59,0,0,1,0);
INSERT INTO details_partidos(id_partido,goleslocalteam,golesvisitteam,status,notificacion) VALUES(60,0,0,1,0);
INSERT INTO details_partidos(id_partido,goleslocalteam,golesvisitteam,status,notificacion) VALUES(61,0,0,1,0);
INSERT INTO details_partidos(id_partido,goleslocalteam,golesvisitteam,status,notificacion) VALUES(62,0,0,1,0);
INSERT INTO details_partidos(id_partido,goleslocalteam,golesvisitteam,status,notificacion) VALUES(63,0,0,1,0);
INSERT INTO details_partidos(id_partido,goleslocalteam,golesvisitteam,status,notificacion) VALUES(64,0,0,1,0);
CREATE INDEX [IDX_PARTIDOS_] ON [partidos]([id_partido]  ASC,[idlocalteam]  ASC,[idvisitteam]  ASC);
CREATE INDEX [IDX_GRUPOS_] ON [grupos]([id_grupo]  ASC);
CREATE INDEX [IDX_EQUIPOS_] ON [equipos]([id_equipo]  ASC,[id_grupo]  ASC);
CREATE INDEX [IDX_DETAILS_PARTIDOS_] ON [details_partidos]([id_partido]  ASC,[status]  ASC);
CREATE VIEW [estadisticas] AS  select idgrupo, idequipo, displayname, short_name, pathFlag, sum(jugados) jugados, sum(ganados) ganados, sum(empatados) empatados, (jugados-ganados-empatados) perdidos, sum(gf) gf, sum(gc) gc, (ganados*3+empatados*1) pts, (gf-gc) dif  from( SELECT        E.id_grupo  idgrupo,        E.id_equipo idequipo,        E.display_name displayname, 	   E.short_name short_name, 	   pathFlag,        count(VL.status) jugados,        sum(goleslocalteam>golesvisitteam) ganados,        sum(goleslocalteam=golesvisitteam) empatados,        sum(VL.goleslocalteam) gf,        sum(VL.golesvisitteam) gc FROM equipos E INNER JOIN   (SELECT P.id_partido id_partido,           P.idlocalteam idlocalteam,           P.idvisitteam idvisitteam,           DP.goleslocalteam goleslocalteam,           DP.golesvisitteam golesvisitteam,           DP.status status    FROM partidos P    LEFT JOIN details_partidos DP ON P.id_partido = DP.id_partido    AND DP.status=3) VL ON VL.idlocalteam = E.id_equipo GROUP BY E.id_equipo union SELECT        E.id_grupo  idgrupo,        E.id_equipo idequipo,        E.display_name displayname, 	   E.short_name short_name, 	   pathFlag,        count(VL.status) jugados,        sum(goleslocalteam<golesvisitteam) ganados,        sum(goleslocalteam=golesvisitteam) empatados,        sum(VL.goleslocalteam) gf,        sum(VL.golesvisitteam) gc FROM equipos E INNER JOIN   (SELECT P.id_partido id_partido,           P.idlocalteam idlocalteam,           P.idvisitteam idvisitteam,           DP.goleslocalteam goleslocalteam,           DP.golesvisitteam golesvisitteam,           DP.status status    FROM partidos P    LEFT JOIN details_partidos DP ON P.id_partido = DP.id_partido    AND DP.status=3) VL ON VL.idvisitteam = E.id_equipo GROUP BY E.id_equipo ) group by idequipo order by pts desc,dif desc
